{
  "val_loss": 1.2046661376953125,
  "best_dice": 0.6667631268501282,
  "dice_at_0_5": 0.6666666865348816,
  "best_cldice": 0.0,
  "cldice_at_0_5": 0.42853036522865295,
  "tau_star": 0.1,
  "auc_roc": 0.4888212871696022,
  "se_tau_star": 1.0,
  "sp_tau_star": 2.1706099417873048e-10,
  "acc_tau_star": 0.5001084804534912,
  "f1_tau_star": 0.6667633056640625,
  "se_at_0_5": 0.9995660781860352,
  "sp_at_0_5": 0.00043412219383753836,
  "acc_at_0_5": 0.5001084804534912,
  "f1_at_0_5": 0.6666669249534607,
  "test_dice_tau_star": 0.6627974510192871,
  "test_dice_at_0_5": 0.6627485156059265,
  "test_cldice_tau_star": 0.0,
  "test_cldice_at_0_5": 0.6666163206100464,
  "test_se_tau_star": 1.0,
  "test_sp_tau_star": 2.1514630355046194e-10,
  "test_acc_tau_star": 0.4956597089767456,
  "test_f1_tau_star": 0.6627976894378662,
  "test_auc_roc": 0.5052192961157871
}