{
  "val_loss": 0.2270941287279129,
  "best_dice": 0.8493679165840149,
  "dice_at_0_5": 0.8491015434265137,
  "best_cldice": 0.8322838544845581,
  "cldice_at_0_5": 0.833746075630188,
  "tau_star": 0.4,
  "auc_roc": 0.9804558745379143,
  "se_tau_star": 0.8673455715179443,
  "sp_tau_star": 0.9912077188491821,
  "acc_tau_star": 0.981979489326477,
  "f1_tau_star": 0.8776299953460693,
  "se_at_0_5": 0.858277440071106,
  "sp_at_0_5": 0.9922659993171692,
  "acc_at_0_5": 0.9822832345962524,
  "f1_at_0_5": 0.8783254027366638,
  "test_dice_tau_star": 0.8312193751335144,
  "test_dice_at_0_5": 0.8301059007644653,
  "test_cldice_tau_star": 0.8115371465682983,
  "test_cldice_at_0_5": 0.8125026822090149,
  "test_se_tau_star": 0.8442338705062866,
  "test_sp_tau_star": 0.9918222427368164,
  "test_acc_tau_star": 0.9815904498100281,
  "test_f1_tau_star": 0.8641015887260437,
  "test_auc_roc": 0.976302540327145
}