{
  "grid": [
    0.1,
    0.15,
    0.2,
    0.25,
    0.3,
    0.35,
    0.4,
    0.45,
    0.5,
    0.55,
    0.6,
    0.65,
    0.7,
    0.75,
    0.8,
    0.85,
    0.9
  ],
  "dice_per_tau": [
    0.8380098342895508,
    0.8435009121894836,
    0.8462422490119934,
    0.8477733731269836,
    0.8486789464950562,
    0.8491498231887817,
    0.8493679165840149,
    0.849322497844696,
    0.8491015434265137,
    0.8486582040786743,
    0.8479655385017395,
    0.8469933271408081,
    0.845654308795929,
    0.8437468409538269,
    0.8410135507583618,
    0.8367271423339844,
    0.8290726542472839
  ],
  "tau_star": 0.4,
  "best_dice": 0.8493679165840149,
  "dice_at_0_5": 0.8491015434265137,
  "best_cldice": 0.8322838544845581,
  "cldice_at_0_5": 0.833746075630188,
  "se_tau_star": 0.8673455715179443,
  "sp_tau_star": 0.9912077188491821,
  "acc_tau_star": 0.981979489326477,
  "f1_tau_star": 0.8776299953460693,
  "se_at_0_5": 0.858277440071106,
  "sp_at_0_5": 0.9922659993171692,
  "acc_at_0_5": 0.9822832345962524,
  "f1_at_0_5": 0.8783254027366638,
  "auc_roc": 0.9804558745379143
}