{
  "val_loss": 1.2046661376953125,
  "best_dice": 0.6667631268501282,
  "dice_at_0_5": 0.6666666865348816,
  "best_cldice": 9.99999087980541e-07,
  "cldice_at_0_5": 0.4285311698913574,
  "tau_star": 0.1,
  "test_dice_tau_star": 0.6627974510192871,
  "test_dice_at_0_5": 0.6627485156059265,
  "test_cldice_tau_star": 9.99999087980541e-07,
  "test_cldice_at_0_5": 0.6666169762611389
}