{
  "grid": [
    0.1,
    0.15,
    0.2,
    0.25,
    0.3,
    0.35,
    0.4,
    0.45,
    0.5,
    0.55,
    0.6,
    0.65,
    0.7,
    0.75,
    0.8,
    0.85,
    0.9
  ],
  "dice_per_tau": [
    0.6667631268501282,
    0.6667631268501282,
    0.6667631268501282,
    0.6667631268501282,
    0.6667631268501282,
    0.6667631268501282,
    0.6666666865348816,
    0.6666666865348816,
    0.6666666865348816,
    0.6662320494651794,
    0.663791835308075,
    0.6475372314453125,
    0.5201494693756104,
    0.13942217826843262,
    0.0025962789077311754,
    2.1696680563287885e-10,
    2.1696680563287885e-10
  ],
  "tau_star": 0.1,
  "best_dice": 0.6667631268501282,
  "dice_at_0_5": 0.6666666865348816,
  "best_cldice": 9.99999087980541e-07,
  "cldice_at_0_5": 0.4285311698913574
}