{
  "val_loss": 0.20878106355667114,
  "best_dice": 0.8628350496292114,
  "dice_at_0_5": 0.8628350496292114,
  "best_cldice": 0.8452175855636597,
  "cldice_at_0_5": 0.8452175855636597,
  "tau_star": 0.5,
  "auc_roc": 0.9843597657378595,
  "se_tau_star": 0.8724634647369385,
  "sp_tau_star": 0.9924221634864807,
  "acc_tau_star": 0.9834847450256348,
  "f1_tau_star": 0.887283205986023,
  "se_at_0_5": 0.8724634647369385,
  "sp_at_0_5": 0.9924221634864807,
  "acc_at_0_5": 0.9834847450256348,
  "f1_at_0_5": 0.887283205986023,
  "test_dice_tau_star": 0.8480672836303711,
  "test_dice_at_0_5": 0.8480672836303711,
  "test_cldice_tau_star": 0.8265691995620728,
  "test_cldice_at_0_5": 0.8265691995620728,
  "test_se_tau_star": 0.8511684536933899,
  "test_sp_tau_star": 0.9929481148719788,
  "test_acc_tau_star": 0.983119010925293,
  "test_f1_tau_star": 0.8748612999916077,
  "test_auc_roc": 0.9813692951126975
}