{
  "grid": [
    0.1,
    0.15,
    0.2,
    0.25,
    0.3,
    0.35,
    0.4,
    0.45,
    0.5,
    0.55,
    0.6,
    0.65,
    0.7,
    0.75,
    0.8,
    0.85,
    0.9
  ],
  "dice_per_tau": [
    0.8433880805969238,
    0.8511603474617004,
    0.855548083782196,
    0.8583277463912964,
    0.8601999282836914,
    0.8614436984062195,
    0.8622368574142456,
    0.8626877665519714,
    0.8628350496292114,
    0.8626592755317688,
    0.8621782064437866,
    0.8613275289535522,
    0.8600622415542603,
    0.8581879734992981,
    0.8553601503372192,
    0.8510150909423828,
    0.8434397578239441
  ],
  "tau_star": 0.5,
  "best_dice": 0.8628350496292114,
  "dice_at_0_5": 0.8628350496292114,
  "best_cldice": 0.8452175855636597,
  "cldice_at_0_5": 0.8452175855636597,
  "se_tau_star": 0.8724634647369385,
  "sp_tau_star": 0.9924221634864807,
  "acc_tau_star": 0.9834847450256348,
  "f1_tau_star": 0.887283205986023,
  "se_at_0_5": 0.8724634647369385,
  "sp_at_0_5": 0.9924221634864807,
  "acc_at_0_5": 0.9834847450256348,
  "f1_at_0_5": 0.887283205986023,
  "auc_roc": 0.9843597657378595
}