{
  "val_loss": 0.21759429574012756,
  "best_dice": 0.857761025428772,
  "dice_at_0_5": 0.857563853263855,
  "best_cldice": 0.8382358551025391,
  "cldice_at_0_5": 0.8364434242248535,
  "tau_star": 0.55,
  "auc_roc": 0.9843825042087291,
  "se_tau_star": 0.8694158792495728,
  "sp_tau_star": 0.9919788837432861,
  "acc_tau_star": 0.9828472137451172,
  "f1_tau_star": 0.8830795288085938,
  "se_at_0_5": 0.8749151229858398,
  "sp_at_0_5": 0.9913212656974792,
  "acc_at_0_5": 0.9826485514640808,
  "f1_at_0_5": 0.8825395107269287,
  "test_dice_tau_star": 0.8409203290939331,
  "test_dice_at_0_5": 0.8412013053894043,
  "test_cldice_tau_star": 0.8190558552742004,
  "test_cldice_at_0_5": 0.8172423243522644,
  "test_se_tau_star": 0.844529390335083,
  "test_sp_tau_star": 0.9927424788475037,
  "test_acc_tau_star": 0.9824672937393188,
  "test_f1_tau_star": 0.8697709441184998,
  "test_auc_roc": 0.9810701722167353
}