{
  "grid": [
    0.1,
    0.15,
    0.2,
    0.25,
    0.3,
    0.35,
    0.4,
    0.45,
    0.5,
    0.55,
    0.6,
    0.65,
    0.7,
    0.75,
    0.8,
    0.85,
    0.9
  ],
  "dice_per_tau": [
    0.8327840566635132,
    0.8419365882873535,
    0.8471822738647461,
    0.8506594896316528,
    0.853077232837677,
    0.8548545837402344,
    0.856122612953186,
    0.8570088148117065,
    0.857563853263855,
    0.857761025428772,
    0.8576792478561401,
    0.8571733236312866,
    0.8561969995498657,
    0.854592502117157,
    0.852017879486084,
    0.8476434946060181,
    0.8395018577575684
  ],
  "tau_star": 0.55,
  "best_dice": 0.857761025428772,
  "dice_at_0_5": 0.857563853263855,
  "best_cldice": 0.8382358551025391,
  "cldice_at_0_5": 0.8364434242248535,
  "se_tau_star": 0.8694158792495728,
  "sp_tau_star": 0.9919788837432861,
  "acc_tau_star": 0.9828472137451172,
  "f1_tau_star": 0.8830795288085938,
  "se_at_0_5": 0.8749151229858398,
  "sp_at_0_5": 0.9913212656974792,
  "acc_at_0_5": 0.9826485514640808,
  "f1_at_0_5": 0.8825395107269287,
  "auc_roc": 0.9843825042087291
}